BugName,Notes,TBar-time,TBar-10k,CURE-10k,SequenceR-50,Hercules-NFL,SimFix,fixminer,dlfix,acs,capgen-NFL,PAR,SOFix,PraPR,JAID,SketchFix,LSRepair,ssFix,NPEFix,Ratchet,Codit,AVATAR,CoCoNut,ARJA,GenProg,MutRepair,kPAR,RSRepair,Kali,Dynamoth,Nopol,Cardumen,VFix,iFixR,ConFix,Restore,HDRepair,,,file_no,class_no,method_no,line_no,add_line_no,del_line_no,mod_line_no,chunk_no,fail_test_no,action_no,pattern_no,First exception,add_char_no,del_char_no,node_match,insert_node,delete_node,update_node,move_tree,insert_tree,delete_tree
Chart 1,,3,3,3,3,3,3,3,3,,3,,3,3,3,3,3,3,,,,3,3,,,3,3,,,,,,,,3,3,3,,,1,1,1,1,0,0,1,1,1,1,2,AssertionFailedError,2,2,6614,4,4,1,0,0,0
Chart 2,,,,,,,,,,,,,,,,,,,,,,,,,,,,,,,,,,,,,,,,1,1,2,14,14,0,0,8,2,4,3,NullPointerException,438,0,8199,4,4,0,0,8,0
Chart 3,,,,,,3,,,,,,,,,,,,,,,,,,,,,,,,,,,,,,,,,,1,1,1,2,2,0,0,1,1,1,2,AssertionFailedError,46,0,4045,3,3,0,0,2,0
Chart 4,,3,3,,,,,3,,,,,3,,,,3,,,,,3,,,,,3,,,,,,3,,,,,,,1,1,1,2,2,0,0,2,22,1,2,NullPointerException,17,0,19851,5,3,0,3,1,0
Chart 5,,,,,,,,,,,,,,,,,,,,,,,,,,,,,,,,,,,,,,,,1,1,1,5,4,0,1,2,1,4,2,IndexOutOfBoundsException,58,33,2021,4,7,0,2,1,0
Chart 6,,,,,,,,,,,,,,,,,,,,,,,,,,,,,,,,,,,,,,,,1,1,1,8,7,0,1,1,2,8,2,AssertionFailedError,176,18,335,5,2,1,2,4,0
Chart 7,,2,2,,,,3,,,,,,,,,,,,,,,,,,,,,,,,,,,,,,,,,1,1,1,2,0,0,2,2,1,3,3,AssertionFailedError,108,108,1794,3,3,2,0,0,0
Chart 8,,3,3,3,,3,,,,,3,,,3,,3,,,,,3,,,,,,3,,,,,,,,,,3,,,1,1,1,1,0,0,1,1,1,2,3,AssertionFailedError,5,36,1781,4,4,0,0,0,0
Chart 9,,3,3,3,3,3,,,3,,,,,,3,3,,,,,,,3,,,,,,,,,,,,,,,,,1,1,1,1,0,0,1,1,1,1,2,IllegalArgumentException,31,2,3139,6,3,0,1,1,0
Chart 10,,,,,,,,,,,,,,,,,,,,,3,,,,,,,,,,,,,,3,,,,,1,1,1,1,0,0,1,1,1,2,2,ComparisonFailure,41,11,44,3,0,0,1,1,0
Chart 11,,3,3,3,3,3,,3,3,,3,,3,3,,3,3,,,,3,3,3,,,,,,,,,3,,,3,3,,,,1,1,1,1,0,0,1,1,1,2,3,AssertionFailedError,25,25,2299,3,3,1,0,0,0
Chart 12,,3,3,3,,3,,3,,,,,,3,,,,,,,3,,3,3,3,,,,,,,,,,,,,,,1,1,1,1,0,0,1,1,1,3,3,AssertionFailedError,20,23,1948,5,7,1,2,0,0
Chart 13,,2,2,,,,,,,,,,,,,,,,,,,,,,,,,,,,,,,,,,,,,1,1,1,1,0,0,1,1,1,6,5,IllegalArgumentException,42,27,2738,7,3,0,1,1,0
Chart 14,,3,2,3,,3,,,,3,,,,,,,,,,,,,3,,,,3,,,,,,3,,,,,,,2,2,4,12,12,0,0,4,4,2,3,NullPointerException,144,0,30734,6,6,0,0,4,0
Chart 15,,,,,,,,,,,,,,,,,,,,,,,,,,,,,,,,,3,,,,,,,1,1,2,5,5,0,0,3,1,2,4,AssertionFailedError,67,0,9959,5,3,0,1,2,0
Chart 16,,1,,,,,,,,,,,,,,,,,,,,,,,,,,,,,,,3,,,,,,,1,1,2,3,0,0,3,2,8,5,3,NullPointerException,55,35,2318,4,11,1,1,2,0
Chart 17,,,,3,,,,,,,,,,,,,,,,,,,,,,,,,,,,,,,,,,,,1,1,1,2,1,0,1,1,1,5,2,IllegalArgumentException,94,40,3110,7,7,0,4,2,1
Chart 18,,1,,,,,,,,,,,,,,,,,,,,,,,,,,,,,,,,,,,,,,2,2,3,13,10,2,1,6,4,9,4,IndexOutOfBoundsException,324,39,3179,8,9,0,2,5,1
Chart 19,,3,3,,,3,,3,,3,,,,,,,,,,,,3,,,,,3,,,,,,,,,,,,,1,1,2,6,6,0,0,2,2,3,3,AssertionFailedError,160,0,12781,3,3,0,0,2,0
Chart 20,,3,3,3,,,3,,3,,,,,3,,3,,3,,,,,,,,,,,,,,,,,,,,,,1,1,1,1,0,0,1,1,1,2,3,AssertionFailedError,28,14,272,0,0,2,0,0,0
Chart 21,,,,,,,,,,,,,,,,,,,,,,,,,,,,,,,,,,,,,,,,1,1,2,39,39,0,0,4,1,6,3,AssertionFailedError,901,0,2318,10,9,0,11,7,0
Chart 22,,1,,,,,,,,,,,,,,,,,,,,,,,,,,,,,,,,,,,,,,1,1,3,33,30,1,2,7,6,11,5,UnknownKeyException,764,75,1421,24,5,0,6,16,1
Chart 23,,,,,,,,,,,,,,,,,,,,,,,,,,,,,,,,,,,,,,,,1,1,1,19,19,0,0,1,1,7,2,AssertionFailedError,404,0,1784,3,3,0,0,1,0
Chart 24,,3,3,3,,,,3,3,,3,,3,3,3,3,,3,,,,3,3,,,,,,,,,,,,3,3,,,,1,1,1,1,0,0,1,1,1,2,4,IllegalArgumentException,3,7,306,0,0,1,0,0,0
Chart 25,,1,,,,,,,,,,,,,,,,,,,,,,,,,,,,,,,3,,,,,,,1,1,2,14,12,0,2,6,4,7,6,AssertionFailedError,224,100,1955,17,9,2,26,8,0
Chart 26,,3,3,3,,,3,3,,,,,3,3,3,,,,,,,3,3,,,,3,,,,,,3,,,3,,,,1,1,1,2,2,0,0,2,22,1,2,AssertionFailedError,21,0,4304,6,4,0,2,1,0
Clos 1,,,,,,,,,,,,,,,,,,,,,,,,,,,,,,,,,,,,,,,,1,1,1,3,3,0,0,1,8,2,1,AssertionFailedError,29,0,3469,2,2,0,0,1,0
Clos 2,,3,3,,,,,3,,,,,,,,,,,,,,3,,,,,3,,,,,,,,,,,,,1,1,1,4,4,0,0,3,1,3,2,NullPointerException,78,0,7441,5,3,0,1,2,0
Clos 3,,,,,,,,,,,,,,,,,,,,,,,,,,,,,,,,,,,,,,,,1,2,2,8,6,0,2,3,3,10,2,AssertionFailedError,180,26,1693,2,2,0,0,5,0
Clos 4,,2,3,,,3,,,,,,,,,,,,,,,,,,,,,3,,,,,,,,,,,,,1,1,1,2,0,0,2,2,3,2,3,AssertionFailedError,52,64,1255,2,2,2,0,0,0
Clos 5,,,,,,,,,,,,,,,,,,,,,,,,,,,,,,,,,,,,3,,,,1,1,1,3,3,0,0,1,1,3,1,AssertionFailedError,39,0,1721,5,5,0,0,1,0
Clos 6,,1,,,,,,,,,,,,,,,,,,,,,,,,,,,,,,,,,,,,,,1,1,2,8,0,8,0,4,3,2,2,AssertionFailedError,0,336,3232,2,6,0,6,0,4
Clos 7,,,,,,,,,,,,,,,,,,,,,,,,,,,,,,,,,,,,,,,,1,1,1,5,4,0,1,3,2,5,3,AssertionFailedError,120,71,2209,13,7,1,5,1,0
Clos 8,,,,,,,,,,,,,,,,,,,,,,,,,,,,,,,,,,,,,,,,1,1,2,4,4,0,0,2,1,4,1,AssertionFailedError,106,0,804,2,0,0,2,2,0
Clos 9,,,,,,,,,,,,,,,,,,,,,,,,,,,,,,,,,,,,,,,,1,2,2,2,1,0,1,2,1,5,2,ComparisonFailure,86,68,1215,3,6,1,1,1,0
Clos 10,,3,3,3,,,,3,3,,,,,3,,,,,,,,,,,,,3,,,,,,,,,,3,,,1,1,1,1,0,0,1,1,1,2,2,AssertionFailedError,18,18,10608,4,4,1,0,0,0
Clos 11,,3,3,3,,,,,,,,,,3,,,,,,,,3,,,,,3,,3,,,,,,,3,,,,1,1,1,2,0,2,0,1,2,3,1,AssertionFailedError,0,63,7037,3,4,0,3,0,2
Clos 12,,,,,,,,,,,,,,,,,,,,,,,,,,,,,,,,,,,,,,,,1,1,1,6,6,0,0,1,1,6,2,AssertionFailedError,180,0,965,0,0,0,0,2,0
Clos 13,,3,3,,,,,3,,,,,,,,,,,,,,,,,,,,,,,,,,,,,,,,1,1,1,2,1,1,0,2,1,1,2,AssertionFailedError,24,24,609,0,0,0,1,0,0
Clos 14,,,,,,3,3,,3,,,,,3,,3,,3,,,,,,,,,,,,,,,,,3,3,3,,,1,1,1,1,0,0,1,1,3,2,3,AssertionFailedError,13,14,3818,3,3,1,0,0,0
Clos 15,,,,,,,,,,,,,,,,,,,,,,,,,,,,,,,,,,,,,,,,1,1,1,3,3,0,0,1,1,3,1,AssertionFailedError,33,0,1608,2,2,0,0,1,0
Clos 16,,,,,,,,,,,,,,,,,,,,,,,,,,,,,,,,,,,,,,,,1,2,3,9,6,0,3,5,2,8,3,AssertionFailedError,378,95,1876,11,13,1,3,8,1
Clos 17,,,,,,,,,,,,,,,,,,,,,,,,,,,,,,,,,,,,,,,,1,1,1,5,4,0,1,2,1,5,2,ComparisonFailure,213,55,8163,8,7,0,4,3,0
Clos 18,,3,2,3,3,,,,3,,,,,3,3,,,,,,,,3,,,,,,,,,,,,,3,,,,1,1,1,1,0,0,1,1,1,1,2,AssertionFailedError,45,68,8852,3,6,0,1,0,0
Clos 19,,,2,,,,3,,,,,,,,,,,,,,,,,,,,,,,,,,,,,,,,,1,1,1,2,2,0,0,2,1,1,1,IllegalArgumentException,22,0,2207,7,4,0,0,0,0
Clos 20,,,,,,,,,,,,,,,,,,,,,,,,,,,,,,,,,,,,,,,,1,1,1,2,1,0,1,1,1,2,3,AssertionFailedError,67,5,6362,6,2,0,1,2,0
Clos 21,,2,2,,,,,,,,,,,,,,,,,,,,,,3,,,,,,,,,,,,,,,1,1,1,19,0,17,2,2,1,8,4,AssertionFailedError,47,566,678,4,15,1,5,1,6
Clos 22,,2,2,,,,,,,,,,,,,,,,,,,,,,,,,,,,,,,,,,,,,1,1,1,26,0,24,2,5,1,8,5,AssertionFailedError,74,820,686,0,10,2,5,0,8
Clos 23,,,,,,,,,,,,,,,,,,,,,,,,,,,,,,,,,,,,,,,,1,1,1,7,6,0,1,2,1,5,2,AssertionFailedError,78,21,5395,4,4,1,3,1,0
Clos 24,,,,,,,,,,,,,,,,,,,,,,,,,,,,,,,,,,,,,,,,1,1,1,5,2,1,2,4,1,4,3,AssertionFailedError,111,38,1652,10,8,0,9,2,0
Clos 25,,2,,,,,,,,,,,,,,,,,,,,,,,,,,,,,,,,,,,,,,1,1,1,6,2,4,0,4,1,5,2,ComparisonFailure,73,141,5597,2,2,0,0,2,2
Clos 26,,,,,,,,,,,,,,,,,,,,,,,,,,,,,,,,,,,,,,,,1,1,1,5,5,0,0,3,7,5,2,AssertionFailedError,149,0,1180,3,3,0,0,3,0
Clos 27,,,,,,,,,,,,,,,,,,,,,,,,,,,,,,,,,,,,,,,,1,1,3,6,3,0,3,3,3,6,3,IllegalStateException,232,148,2546,3,3,3,0,1,0
Clos 28,,,,,,,,,,,,,,,,,,,,,,,,,,,,,,,,,,,,,,,,1,1,1,4,4,0,0,1,2,3,2,AssertionFailedError,53,0,245,0,0,0,0,1,0
Clos 29,,,,,,,,,,,,,,,,,,,,,,,,,,,,,,,,,,,,,,,,1,1,1,10,10,0,0,3,5,6,3,AssertionFailedError,288,0,1658,5,5,0,0,4,0
Clos 30,,,,,,,,,,,,,,,,,,,,,,,,,,,,,,,,,,,,,,,,2,3,3,10,8,0,2,6,3,9,6,AssertionFailedError,193,77,3230,8,7,1,2,4,1
Clos 31,,3,2,,,,,,,,,,,3,3,,,,,,,,3,,,,3,,,,,,,,,3,,,,1,1,1,1,0,1,0,1,1,1,2,AssertionFailedError,0,25,8660,3,3,0,0,0,1
Clos 32,,,,,,,,,,,,,,,,,,,,,,,,,,,,,,,,,,,,,,,,1,1,1,18,15,3,0,6,4,8,3,ComparisonFailure,382,48,7844,7,4,0,1,7,0
Clos 33,,,,,,,,,,,,,,,3,,,,,,,,,,,,,,,,,,,,,3,,,,1,1,1,3,3,0,0,1,1,3,1,AssertionFailedError,33,0,1876,2,2,0,0,1,0
Clos 34,,,,,,,,,,,,,,,,,,,,,,,,,,,,,,,,,,,,,,,,2,2,3,5,0,2,3,3,1,5,3,StackOverflowError,107,94,6972,12,15,7,6,1,1
Clos 35,,,2,,,,,,,,,,,,,,,,,,,,,,,,,,,,,,,,,,,,,1,1,1,15,0,13,2,1,1,7,2,AssertionFailedError,36,471,5698,2,20,2,6,0,11
Clos 36,,,,,,,,,,,,,,,,,,,,,,,,,,,,,,,,,,,,,,,,1,1,1,3,3,0,0,1,1,3,2,AssertionFailedError,77,0,2651,5,5,0,0,1,0
Clos 37,,,,,,,,,,,,,,,,,,,,,,,,,,,,,,,,,,,,,,,,2,2,2,5,4,0,1,3,1,5,2,RuntimeException,114,16,7593,9,8,0,0,1,0
Clos 38,,3,3,3,,,,3,,,,,,,,,,,,,,3,3,,,,3,,,,,,,,3,,,,,1,1,1,1,0,0,1,1,1,1,2,ComparisonFailure,19,2,780,4,0,0,1,0,0
Clos 39,,,,,,,,,,,,,,,,,,,,,,,,,,,,,,,,,,,,,,,,1,1,1,3,0,0,3,3,2,5,3,ComparisonFailure,111,50,1786,7,2,1,2,2,0
Clos 40,,3,3,3,,,,,3,,,,,,3,,,,,,,,3,,,,3,,,,,,,,,3,,,,1,1,1,3,0,2,1,2,2,2,2,RuntimeException,6,27,6402,3,5,1,9,0,1
Clos 41,,,,,,,,,,,,,,,,,,,,,,,,,,,,,,,,,,,,,,,,1,1,2,9,9,0,0,2,3,4,3,AssertionFailedError,242,0,3056,3,3,0,0,2,0
Clos 42,,,,,,,,,,,,,,,,,,,,,,,,,,,,,,,,,,,,,,,,1,1,1,7,7,0,0,2,1,3,2,AssertionFailedError,184,0,5136,5,5,0,0,1,0
Clos 43,,,,,,,,,,,,,,,,,,,,,,,,,,,,,,,,,,,,,,,,1,1,2,17,17,0,0,4,2,6,5,ComparisonFailure,420,0,7862,9,7,0,1,5,0
Clos 44,,,,,,,,,,,,,,,,,,,,,,,,,,,,,,,,,,,,,,,,1,1,1,2,2,0,0,2,1,2,1,ComparisonFailure,58,0,757,0,0,0,0,1,0
Clos 45,,,,,,,,,,,,,,,,,,,,,,,,,,,,,,,,,,,,,,,,1,2,2,6,4,0,2,4,1,8,4,AssertionFailedError,161,62,3416,7,6,3,5,2,0
Clos 46,full method del,3,3,3,,,,3,,,,,,3,,,,,,3,,3,3,,,,,,,,,,,,,3,,,,1,1,1,16,0,16,0,1,3,9,3,AssertionFailedError,0,482,874,0,0,0,0,0,1
Clos 47,,,,,,,,,,,,,,,,,,,,,,,,,,,,,,,,,,,,,,,,2,2,2,8,5,0,3,3,16,5,2,AssertionFailedError,271,111,3376,12,3,0,3,2,0
Clos 48,,,,,,,,,,,,,,,,,,,,,,,,,,,,,,,,,,,,,,,,1,1,1,7,3,0,4,2,1,6,2,AssertionFailedError,170,103,7756,13,19,0,5,3,0
Clos 49,,1,,,,,,,,,,,,,,,,,,,,,,,,,,,,,,,,,,,,,,1,1,3,22,14,8,0,8,66,10,4,AssertionFailedError,334,316,2018,4,9,3,3,5,1
Clos 50,,,,,,,,,,,,,,,,,,,,,,,,,,,,,,,,,,,,,,,,1,1,1,6,5,0,1,3,2,3,3,AssertionFailedError,190,35,2766,4,2,0,1,2,0
Clos 51,,,,,,,,,,,,,,,,,,,,,,,,,,,,,,,,,,,,,3,,,1,1,1,1,0,0,1,1,1,2,2,ComparisonFailure,24,2,722,2,0,0,1,2,0
Clos 52,,,,,,,,,,,,,,,,,,,,,,,,,,,,,,,,,,,,,,,,1,1,1,1,0,0,1,1,1,2,2,ComparisonFailure,24,2,4848,4,2,0,1,1,0
Clos 53,,,,,,,,,,,,,,,,,,,,,,,,,,,,,,,,,,,,,,,,1,1,1,4,4,0,0,2,1,4,1,RuntimeException,66,0,1694,7,5,0,8,2,0
Clos 54,,,,,,,,,,,,,,,,,,,,,,,,,,,,,,,,,,,,,,,,2,2,3,13,10,1,2,5,3,9,6,ComparisonFailure,359,36,10917,11,10,1,1,5,1
Clos 55,,,,,,,,,,,,,,,,,,,,,,,,,,,,,,,,,,,,,,,,1,1,1,2,1,0,1,1,1,2,2,IllegalStateException,74,33,1662,11,9,0,2,1,0
Clos 56,,,,,,,,,,,,,,,,,,,,,,,,,,,,,,,,,,,,,,,,1,1,1,4,4,0,0,2,3,3,1,ComparisonFailure,72,0,1489,5,3,0,1,2,0
Clos 57,,,,3,,,3,,,,,,,,,,,,,,,,,,,,,,,,,,,,,,,,,1,1,1,1,0,0,1,1,1,2,2,AssertionFailedError,41,5,1404,5,3,0,1,1,0
Clos 58,,,,,,,,,,,,,,,,,,,,,,,,,,,,,,,,,,,,,,,,1,1,1,4,4,0,0,2,1,2,1,IllegalStateException,80,0,1133,4,2,0,2,2,0
Clos 59,,3,2,,,,,,,,,,,,,,,,,,,,,,,,,,,,,,,,,,,,,1,1,1,2,1,0,1,1,1,2,2,AssertionFailedError,87,37,7121,5,3,0,1,1,0
Clos 60,,,,,,,,,,,,,,,,,,,,,,,,,,,,,,,,,,,,,,,,1,1,2,5,5,0,0,3,2,4,2,AssertionFailedError,94,0,10072,7,4,0,1,1,0
Clos 61,,,,,,,,,,,,,,,,,,,,,,,,,,,,,,,,,,,,,,,,1,1,1,6,6,0,0,1,3,5,2,AssertionFailedError,165,0,10049,4,4,0,0,1,0
Clos 62,,3,3,3,,3,3,,3,,,,,3,3,3,,,,,,3,,,,3,3,,,,,,,,,3,3,,,1,1,1,1,0,0,1,1,2,1,2,ComparisonFailure,2,1,665,0,0,1,0,0,0
Clos 63,same as clos62,,,,,,,,,,,,,,,,,,,,,,,,,,,,,,,,,,,,,,,1,1,1,1,0,0,1,1,2,1,2,ComparisonFailure,2,1,,,,,,,
Clos 64,,,,,,,,,,,,,,,,,,,,,,,,,,,,,,,,,,,,,,,,1,1,3,4,0,0,4,4,1,5,1,AssertionFailedError,109,50,6946,7,3,0,1,2,0
Clos 65,,,,,,,,,,,,,,,,,,,,,,,,,,,,,,,,,,,,,,,,1,1,1,1,0,0,1,1,1,1,2,ComparisonFailure,19,17,4848,2,2,1,0,0,0
Clos 66,,,,,,,,,,,,,,,,,,,,,,,,,,,,,,,,,,,,,,,,1,1,1,2,2,0,0,2,2,2,1,AssertionFailedError,25,0,7062,44,44,0,0,1,0
Clos 67,,,,,,,,,,,,,,,,,,,,,,,,,,,,,,,,,,,,,,,,1,1,1,1,0,0,1,1,1,2,2,AssertionFailedError,53,1,2572,7,5,0,1,1,0
Clos 68,,,,,,,3,,,,,,,,,,,,,,,,,,,,,,,,,,,,,,,,,1,1,3,4,3,1,0,4,1,1,4,AssertionFailedError,49,1,7615,11,11,0,1,2,0
Clos 69,,,,,,,,,,,,,,,,,,,,,,,,,,,,,,,,,,,,,,,,1,1,1,7,7,0,0,1,3,2,2,AssertionFailedError,273,0,7047,3,3,0,0,1,0
Clos 70,,3,3,3,,,,,3,,,,,3,3,,,,,,,,3,,,,3,,,,,,,,,3,3,,,1,1,1,1,0,0,1,1,5,1,2,AssertionFailedError,7,6,7502,3,3,1,0,0,0
Clos 71,,,,,,,,,,,,,,,,,,,,,,,,,,,,,,,,,,,,,,,,1,1,1,1,0,0,1,1,2,3,3,AssertionFailedError,29,17,2422,5,2,2,1,0,0
Clos 72,,,,,,,,,,,,,,,,,,,,,,,,,,,,,,,,,,,,,,,,2,2,2,3,2,0,1,2,1,3,2,AssertionFailedError,123,15,2293,4,2,0,1,2,0
Clos 73,,3,3,3,3,3,3,3,3,,,,,3,3,,,,,,,3,3,,,,3,,,,,,,,3,3,3,,,1,1,1,1,0,0,1,1,1,1,2,ComparisonFailure,1,2,4787,2,2,1,0,0,0
Clos 74,,,,,,,,,,,,,,,,,,,,,,,,,,,,,,,,,,,,,,,,1,1,2,15,13,0,2,2,3,9,4,AssertionFailedError,289,31,6607,6,6,0,2,1,0
Clos 75,,,,,,,,,,,,,,,,,,,,,,,,,,,,,,,,,,,,,,,,1,1,2,4,3,0,1,3,1,5,3,AssertionFailedError,111,18,9885,4,4,1,0,1,0
Clos 76,,1,,,,,,,,,,,,,,,,,,,,,,,,,,,,,,,,,,,,,,1,1,2,43,37,6,0,11,4,9,5,AssertionFailedError,917,128,1392,8,11,0,10,10,2
Clos 77,,,,,,,,,,,,,,,,,,,,,,,,,,,,,,,,,,,,,,,,1,1,1,1,1,0,0,1,1,2,2,ComparisonFailure,35,0,4650,3,2,0,0,2,0
Clos 78,,,,,,3,,,,,,,,,,,,,,,,,,3,3,,,3,,,,,,,,,,,,1,1,1,2,0,2,0,2,1,1,1,AssertionFailedError,0,150,6308,2,2,0,0,0,2
Clos 79,,,,,,,,,,,,,,,,,,,,,,,,,,,,,,,,,,,,,,,,2,2,2,2,1,0,1,2,5,3,2,RuntimeException,58,16,3784,3,2,1,0,1,0
Clos 80,,,,,,,,,,,,,,,,,,,,,,,,,,,,,,,,,,,,,,,,1,1,2,2,2,0,0,2,2,1,1,AssertionFailedError,38,0,9892,4,4,0,0,2,0
Clos 81,,,,,,,,,,,,,,,,,,,,,,,,,,,,,,,,,,,,,,,,1,1,1,7,7,0,0,1,1,4,1,AssertionFailedError,199,0,4736,6,6,0,0,2,0
Clos 82,,,,,,,,,,,,,,,,,,,,,,,,,,,,,,,,,,,,,,,,1,1,1,3,2,0,1,1,2,2,2,AssertionFailedError,96,19,2825,4,4,0,0,1,0
Clos 83,,,,,,,,,,,,,,,,,,,,,,,,,,,,,,,,,,,,,,,,1,1,1,4,3,0,1,1,1,2,1,AssertionFailedError,48,0,2050,12,5,0,3,1,0
Clos 84,,,,,,,,,,,,,,,,,,,,,,,,,,,,,,,,,,,,,,,,1,1,3,27,27,0,0,3,1,7,3,AssertionFailedError,558,0,4465,6,6,0,0,4,0
Clos 85,,1,,,,,,,,,,,,,,,,,,,,,,,,,,,,,,,,,,,,,,1,1,2,21,7,13,1,4,2,9,4,AssertionFailedError,168,462,706,0,3,0,1,1,3
Clos 86,,3,,3,3,3,,,3,,,,,3,,,,,,,3,,3,3,3,,,3,3,,,,,,,3,,,,1,1,1,1,0,0,1,1,7,1,3,AssertionFailedError,6,5,8188,4,4,1,0,0,0
Clos 87,,,,,,,,,,,,,,,,,,,,,,,,,,,,,,,,,,,,,,,,1,1,1,13,12,0,1,4,1,8,2,AssertionFailedError,354,37,3834,12,12,0,6,2,1
Clos 88,,,,,,,,,,,,,,,,,,,,,,,,,,,,,,,,,,,,,,,,1,1,1,6,6,0,0,2,7,5,1,AssertionFailedError,205,0,1251,2,2,0,0,4,0
Clos 89,,,,,,,,,,,,,,,,,,,,,,,,,,,,,,,,,,,,,,,,2,2,2,4,3,0,1,2,8,3,3,AssertionFailedError,135,38,6627,4,6,0,1,1,1
Clos 90,,,,,,,,,,,,,,,,,,,,,,,,,,,,,,,,,,,,,,,,2,2,2,4,3,0,1,2,2,4,3,AssertionFailedError,144,17,6032,9,6,0,1,1,0
Clos 91,,,,,,,,,,,,,,,,,,,,,,,,,,,,,,,,,,,,,,,,1,1,1,9,9,0,0,1,1,5,3,AssertionFailedError,251,0,579,0,0,0,0,2,0
Clos 92,,2,,3,,3,,,,,,,,3,,,,,,,3,,3,,,,,,,,,,,,3,,,,,1,1,1,1,0,0,1,1,1,2,2,AssertionFailedError,27,23,3739,2,2,1,0,0,0
Clos 93,same as clos92,,,,,,,,,,,,,,,,,,,,,,,,,,,,,,,,,,,,,,,1,1,1,1,0,0,1,1,1,2,2,AssertionFailedError,27,23,,,,,,,
Clos 94,,,,,,,,,,,,,,,,,,,,,,,,,,,,,,,,,,,,,,,,1,1,1,19,19,0,0,3,3,3,2,AssertionFailedError,358,0,7520,4,4,0,0,18,0
Clos 95,,,,,,,,,,,,,,,,,,,,,,,,,,,,,,,,,,,,,,,,1,1,1,7,7,0,0,2,2,4,2,AssertionFailedError,226,0,6266,7,7,0,0,1,0
Clos 96,,,,,,,,,,,,,,,,,,,,,,,,,,,,,,,,,,,,,,,,1,1,1,4,3,0,1,3,1,3,3,AssertionFailedError,96,21,6264,8,3,0,2,2,0
Clos 97,,,,,,,,,,,,,,,,,,,,,,,,,,,,,,,,,,,,,,,,1,1,1,2,1,0,1,1,1,3,3,AssertionFailedError,46,7,4336,3,3,1,0,1,0
Clos 98,,,,,,,,,,,,,,,,,,,,,,,,,,,,,,,,,,,,,,,,1,2,2,19,19,0,0,5,1,6,4,AssertionFailedError,445,0,1840,2,2,0,0,5,0
Clos 99,,1,,,,,,,,,,,,,,,,,,,,,,,,,,,,,,,,,,,,,,1,1,1,6,5,0,1,4,3,6,3,AssertionFailedError,165,78,542,9,1,6,3,4,0
Clos 100,,,,,,,,,,,,,,,,,,,,,,,,,,,,,,,,,,,,,,,,1,1,1,8,7,0,1,2,9,6,3,AssertionFailedError,184,6,494,2,0,0,1,3,0
Clos 101,,,,,,,,,,,,,,,,,,,,,,,,,,,,,,,,,,,,,,,,1,1,1,4,1,3,0,2,1,2,1,AssertionFailedError,55,67,1693,4,7,0,1,0,0
Clos 102,,3,3,3,,,,,,,,,,,,,,,,,,,,,,,,,,,,,,,,,,,,1,1,1,2,1,1,0,2,1,1,2,AssertionFailedError,34,34,1889,2,2,0,1,0,0
Clos 103,,,,,,,,,,,,,,,,,,,,,,,,,,,,,,,,,,,,,,,,2,2,2,8,8,0,0,3,3,5,4,AssertionFailedError,222,0,7681,5,5,0,0,2,0
Clos 104,,,,,,,,,,,,,,,,,,,,,,,,,,,,,,,,,,,,,,,,1,1,1,1,0,0,1,1,1,2,2,AssertionFailedError,20,16,1558,8,6,0,1,0,0
Clos 105,,,,,,,,,,,,,,,,,,,,,,,,,,,,,,,,,,,,,,,,1,1,1,7,2,0,5,5,1,7,4,AssertionFailedError,79,91,8353,7,14,3,4,1,1
Clos 106,,1,,,,,,,,,,,,,,,,,,,,,,,,,,,,,,,,,,,,,,2,2,2,6,4,2,0,3,4,4,3,AssertionFailedError,90,26,5880,6,9,0,2,2,0
Clos 107,,,,,,,,,,,,,,,,,,,,,,,,,,,,,,,,,,,,,,,,1,1,1,1,1,0,0,1,1,1,2,AssertionFailedError,74,0,3427,3,3,0,0,1,0
Clos 108,,,,,,,,,,,,,,,,,,,,,,,,,,,,,,,,,,,,,,,,1,1,3,4,3,0,1,4,1,4,3,IllegalStateException,158,5,2416,7,5,0,1,4,0
Clos 109,,2,2,,,3,,,,,,,,,,,,,,,,,,,,,,,,,,,,,3,,,,,1,1,1,5,4,0,1,1,2,5,4,AssertionFailedError,101,21,8774,6,4,1,1,2,0
Clos 110,,,,,,,,,,,,,,,,,,,,,,,,,,,,,,,,,,,,,,,,2,2,2,25,21,0,4,12,2,12,8,AssertionFailedError,670,67,10766,18,12,2,6,5,0
Clos 111,,,,,,,,,,,,,,,,,,,,,,,,,,,,,,,,,,,,,,,,1,1,1,2,1,0,1,1,1,3,2,AssertionFailedError,48,0,1035,5,0,0,1,1,0
Clos 112,,,,,,,,,,,,,,,,,,,,,,,,,,,,,,,,,,,,,,,,1,1,1,9,6,0,3,1,2,6,1,AssertionFailedError,129,3,6493,5,2,0,1,2,0
Clos 113,,,,,,,,,,,,,,,,,,,,,,,,,,,,,,,,,,,,3,,,,1,1,1,1,0,0,1,1,1,2,2,AssertionFailedError,29,5,5011,4,2,0,1,1,0
Clos 114,,,,,,,,,,,,,,,,,,,,,,,,,,,,,,,,,,,,,,,,1,1,1,1,0,0,1,1,1,2,2,AssertionFailedError,54,0,6720,4,3,0,1,1,0
Clos 115,,3,3,,,,,,3,,,,,,,,,3,,,,3,,3,3,,3,3,3,,,,,,,3,,,,1,1,1,11,0,11,0,2,7,5,2,AssertionFailedError,0,322,2899,2,2,0,0,0,3
Clos 116,,,,,,,,,,,,,,,,,,,,,,,,,,,,,,,,,,,,,,,,1,1,2,12,12,0,0,2,8,5,3,AssertionFailedError,346,0,2899,2,2,0,0,3,0
Clos 117,,,3,,,,,,,,,,,,,,,,,,,,,,,,,,,,,,,,,,,,,1,1,1,24,12,12,0,3,1,9,1,ComparisonFailure,279,279,3282,2,2,0,1,0,0
Clos 118,,,,,,,,,,,,,,,,,,,,,,,,,,,,,,,,,,,,3,,,,1,1,1,3,3,0,0,1,2,2,1,ComparisonFailure,39,0,4737,2,2,0,0,1,0
Clos 119,,,,,,,,,,,,,,,,,,,,,,,,,,,,,,,,,,,,3,,,,1,1,1,1,1,0,0,1,1,1,2,AssertionFailedError,17,0,4634,5,5,0,0,1,0
Clos 120,,,,,,,,,,,,,,,,,,,,,,,,,,,,,,,,,,,,,,,,1,1,1,3,3,0,0,1,1,3,1,AssertionFailedError,60,0,2306,2,2,0,0,1,0
Clos 121,,,,,,,,,,,,,,,,,,,,,,,,,,,,,,,,,,,,,,,,1,1,1,3,2,0,1,2,1,2,2,AssertionFailedError,151,43,2718,5,5,0,0,1,0
Clos 122,,,,,,,,,,,,,,,,,,,,,,,,,,,,,,,,,,,,,,,,1,1,1,2,1,0,1,1,3,5,2,AssertionFailedError,102,88,5972,10,6,2,3,3,2
Clos 123,,,,,,,,,,,,,,,,,,,,,,,,,,,,,,,,,,,,,,,,1,1,1,1,0,0,1,1,1,3,4,ComparisonFailure,35,14,5154,44,45,0,0,1,0
Clos 124,,,,,,,,,,,,,,,,,,,,,,,,,,,,,,,,,,,,,,,,1,1,1,2,2,0,0,2,1,2,2,AssertionFailedError,27,0,685,2,0,0,1,1,0
Clos 125,,2,,,,,,,,,,,,,,,,,,,,,,,,,,,,,,,,,,3,,,,1,1,1,1,0,0,1,1,1,2,2,IllegalStateException,33,5,7968,5,3,0,1,1,0
Clos 126,,3,2,3,,,,,3,,,,,3,3,3,,,,,,3,,3,3,,3,3,3,,,,,,,3,3,,,1,1,1,4,0,4,0,1,2,4,1,AssertionFailedError,0,119,949,0,0,0,0,0,1
Clos 127,,,,,,,,,,,,,,,,,,,,,,,,,,,,,,,,,,,,,,,,1,1,2,10,9,0,1,2,6,5,4,AssertionFailedError,274,12,770,2,0,0,1,2,0
Clos 128,,,,,,,,,,,,,,,,,,,,,,,,,,,,,,,,,,,,3,,,,1,1,1,4,3,0,1,2,1,3,2,ComparisonFailure,36,6,5111,2,2,3,0,1,0
Clos 129,,,,,,,,,,,,,,,,,,,,,,,,,,,,,,,,,,,,,,,,1,1,1,3,3,0,0,1,1,3,2,AssertionFailedError,55,0,684,0,0,0,0,1,0
Clos 130,,,,,,,,,,,,,,,,,,,,,,,,,,,,,,,,,,,,3,,,,1,1,1,1,0,0,1,1,1,1,2,AssertionFailedError,35,16,3440,4,2,0,1,1,0
Clos 131,,,,,,,,,,,,,,,,,,,,,,,,,,,,,,,,,,,,,,,,1,1,1,2,1,0,1,2,2,2,2,AssertionFailedError,95,1,1440,7,3,0,3,2,0
Clos 132,,,,,,,,,,,,,,,,,,,,,,,,,,,,,,,,,,,,,,,,1,1,1,3,2,0,1,1,1,2,2,AssertionFailedError,115,28,6389,4,4,0,0,1,0
Clos 133,,,,,,,,,,,,,,,,,,,,,,,,,,,,,,,,,,,,,,,,1,1,1,1,1,0,0,1,1,1,2,IllegalStateException,30,0,8253,4,4,0,0,1,0
Lang 1,,,,,,,,,,,,,,,,,,,,,,,,,,,,,,,,,,,,,,,,1,1,1,11,9,0,2,3,1,6,4,NumberFormatException,289,5,4485,7,3,0,2,4,0
Lang 2,deprecated,,,,,,,,,,,,,,,,,,,,,,,,,,,,,,,,,,,,,,,1,1,1,3,3,0,0,1,1,4,1,AssertionFailedError,148,0,,,,,,,
Lang 3,,,,,,,,,,,,,,,,,,,,,,,,,,,,,,,,,,,,,,,,1,1,1,4,4,0,0,4,1,1,2,AssertionFailedError,208,0,4473,7,3,0,2,2,0
Lang 4,,,,,,,,,,,,,,,,,,,,,,,,,,,,,,,,,,,,,,,,1,1,1,4,0,0,4,4,1,5,2,AssertionFailedError,100,90,279,6,0,2,2,0,0
Lang 5,,,,,,,,,,,,,,,,,,,,,,,,,,,,,,,,,,,,,,,,1,1,1,21,21,0,0,2,1,6,3,IllegalArgumentException,604,0,1107,5,3,0,5,2,0
Lang 6,,3,3,3,3,3,,,3,,3,,3,3,,3,,3,,,3,3,,,,,3,,,,,,,3,3,3,3,,,1,1,1,1,0,0,1,1,1,2,3,StringIndexOutOfBoundsException,5,6,364,0,0,1,0,0,0
Lang 7,,3,2,,,,,,3,3,,,,,,,,,,,,3,,,,,,,,,,,,,,,,,,1,1,2,6,3,3,0,3,1,6,3,AssertionFailedError,100,40,4333,7,4,0,2,1,1
Lang 8,,,,,,,,,,,,,,,,,,,,,,,,,,,,,,,,,,,,,,,,1,1,2,3,1,2,0,3,2,5,3,AssertionFailedError,39,44,4071,4,6,0,1,1,2
Lang 9,,,,,,,,,,,,,,,,,,,,,,,,,,,,,,,,,,,,,,,,1,1,1,3,3,0,0,1,2,4,1,AssertionFailedError,185,0,3221,3,3,0,0,1,0
Lang 10,,3,3,3,,,,3,,,,,,3,,,,,,,,3,3,,,,3,,,,,,,,,,3,,,1,1,1,9,0,9,0,2,2,4,1,AssertionFailedError,0,134,3221,3,3,0,0,0,3
Lang 11,,,,,,,,,,,,,,,,,,,,,,,,,,,,,,,,,,,,,,,,1,1,1,4,4,0,0,1,1,4,2,AssertionFailedError,137,0,989,0,0,0,0,1,0
Lang 12,,,,,,,,,,,,,,,,,,,,,,,,,,,,,,,,,,,,,,,,1,1,1,7,7,0,0,3,2,5,3,ArrayIndexOutOfBoundsException,162,0,960,2,0,0,1,3,0
Lang 13,,2,2,,,,,,,,,,,,,,,,,,,,,,,,,,,,,,,,,,,,,1,1,2,19,19,0,0,4,1,8,4,SerializationException,581,0,689,2,0,0,1,11,0
Lang 14,,2,,,,,,,,,,,,,,,,,,,,,,,,,,,,,,,,,,,,,,1,1,1,3,3,0,0,2,1,3,1,AssertionFailedError,154,0,19579,5,3,0,1,2,0
Lang 15,,1,,,,,,,,,,,,,,,,,,,,,,,,,,,,,,,,,,,,,,1,1,1,4,0,0,4,2,2,4,2,AssertionFailedError,167,182,3518,5,13,7,8,0,2
Lang 16,,,,,,,,,,,,,,,,,,,,,,,,,,,,,,,,,,,,,,,,1,1,1,1,0,0,1,1,1,2,2,NumberFormatException,71,22,4289,3,3,0,0,2,0
Lang 17,,,,,,,,,,,,,,,,,,,,,,,,,,,,,,,,,,,,,,,,1,1,1,11,2,8,1,6,1,6,4,ComparisonFailure,39,105,358,1,8,0,3,1,5
Lang 18,,,2,,,,,,,,,,,,,,,,,,,,,,,,,,,,,,,,,,,,,1,1,1,5,2,2,1,2,1,3,2,ComparisonFailure,93,74,4875,3,3,2,0,1,1
Lang 19,,,,,,,,,,,,,,,,,,,,,,,,,,,,,,,,,,,,,,,,1,1,1,9,6,0,3,5,2,9,5,StringIndexOutOfBoundsException,312,34,291,12,0,3,2,6,0
Lang 20,,1,2,,,,,,,,,,,,,,,,3,,,,,,,,,,,,,,3,,,,,,,1,1,2,2,0,0,2,2,2,4,3,NullPointerException,60,201,19593,3,18,4,6,0,3
Lang 21,,2,,,,,,,,,,,3,,,,3,3,,,3,,,,,,,,,,,,,,,,,,,1,1,1,1,0,0,1,1,1,3,4,AssertionFailedError,60,46,5205,3,3,2,0,0,0
Lang 22,,3,2,,,,,,3,,,,,,,,,,,,,,,,,,,,,,,,,,,,,,,1,1,1,7,6,0,1,2,2,5,4,AssertionFailedError,180,4,3103,4,4,2,0,1,0
Lang 23,,,,,,,,,,,,,,,,,,,,,,,,,,,,,,,,,,,,,,,,1,1,2,31,31,0,0,3,1,6,3,AssertionFailedError,655,0,1913,3,3,0,0,3,0
Lang 24,,3,3,,,3,,,,3,,,,,,,3,,,,,,,,,,3,,,,,,,3,3,,,,,1,1,1,1,0,0,1,1,1,1,2,AssertionFailedError,24,8,4272,3,3,0,0,1,0
Lang 25,,,,,,,,,,,,,,,,,,,,,,,,,,,,,,,,,,,,,,,,1,1,1,27,0,0,27,1,1,1,2,AssertionFailedError,,,0,0,0,0,0,0,0
Lang 26,,3,3,3,,3,,,,,3,,,3,,,,,,,3,,3,,,,,,,,,,,,3,,,,,1,1,1,1,0,0,1,1,1,1,3,ComparisonFailure,38,29,5714,4,3,0,0,0,0
Lang 27,,2,,,,,,,,,,,,,,,,,,,,,,,,,,,,,,,,,,,,,,1,1,1,4,3,0,1,2,1,4,2,StringIndexOutOfBoundsException,126,7,4246,5,3,0,1,2,0
Lang 28,,,,,,,,,,,,,,,,,,,,,,,,,,,,,,,,,,,,,,,,1,1,1,6,6,0,0,2,1,3,1,ComparisonFailure,118,0,215,2,0,0,1,2,0
Lang 29,,,,3,,,,,,,,,,,,,3,,,,,,3,,,,,,,,,,,,,,,,,1,1,1,1,0,0,1,1,1,1,1,AssertionFailedError,3,5,3862,3,3,1,0,0,0
Lang 30,,1,,,,,,,,,,,,,,,,,,,,,,,,,,,,,,,,,,,,,,1,1,6,43,38,0,5,20,10,11,8,AssertionFailedError,916,192,16441,24,5,4,12,20,1
Lang 31,,,,,,,,,,,,,,,,,,,,,,,,,,,,,,,,,,,,,,,,1,1,1,8,8,0,0,4,2,4,3,AssertionFailedError,258,0,16345,5,3,0,1,4,0
Lang 32,,,,,,,,,,,,,,,,,,,,,,,,,,,,,,,,,,,,,,,,1,1,3,22,14,5,3,4,1,7,5,AssertionFailedError,340,154,2228,22,8,0,7,7,1
Lang 33,,3,3,,,3,3,,3,,,,,3,3,,,3,3,,,,3,,,,,,,,,,3,,,3,,,,1,1,1,1,0,0,1,1,1,1,3,NullPointerException,25,0,3512,5,3,0,1,1,0
Lang 34,,,,,,,,,,,,,,,,,,,,,,,,,,,,,,,,,,,,,,,,1,1,2,2,0,0,2,2,27,3,3,AssertionFailedError,27,81,6036,6,5,0,2,1,2
Lang 35,,,,,,,,,,,,,,,,,,,,,,,,,,,,,,,,,,,,,,,,1,1,2,2,0,0,2,2,1,4,1,ClassCastException,139,50,13511,9,12,2,2,0,1
Lang 36,,,,,,,,,,,,,,,,,,,,,,,,,,,,,,,,,,,,,,,,1,1,1,9,8,0,1,2,2,3,2,NumberFormatException,229,30,4214,5,3,0,1,2,0
Lang 37,,,,,,,,,,,,,,,,,,,,,,,,,,,,,,,,,,,,,,,,1,1,1,8,8,0,0,3,1,7,2,ArrayStoreException,278,0,13370,5,3,0,1,1,0
Lang 38,,,,3,,3,,,,,,,,,3,,,,,,,,,,,,,,,,,,,,,3,,,,1,1,1,1,1,0,0,1,1,1,2,ComparisonFailure,32,0,5709,3,3,0,0,1,0
Lang 39,,3,3,,,,3,,,,,,,,,,,,,,,,,,,,,,,,,,3,,,,,,,1,1,1,3,3,0,0,1,1,1,3,NullPointerException,68,0,15658,3,3,0,0,1,0
Lang 40,,,,,,,,,,,,,,,,,,,,,,,,,,,,,,,,,,,,,,,,1,1,1,8,7,0,1,1,1,7,2,AssertionFailedError,162,53,15390,13,6,3,3,2,0
Lang 41,,,,,,,,,,,,,,,,,,,,,,,,,,,,,,,,,,,,,,,,1,1,2,21,19,0,2,8,2,8,3,ComparisonFailure,665,9,3293,11,8,0,7,6,1
Lang 42,,,,,,,,,,,,,,,,,,,,,,,,,,,,,,,,,,,,,,,,1,1,1,7,5,0,2,2,1,6,3,ComparisonFailure,153,18,0,0,0,0,0,0,0
Lang 43,,,,3,,3,3,,3,,3,,,,,,,3,,,,,,,3,,,,,,,,,,,,3,,,1,1,1,1,1,0,0,1,1,1,2,OutOfMemoryError,10,0,1844,3,3,0,0,1,0
Lang 44,,,,,,,,,,,,,,,,,,,,,,,,,,,,,,,,,,,,,,,,1,1,1,3,3,0,0,1,1,4,1,StringIndexOutOfBoundsException,127,0,2053,4,4,0,0,1,0
Lang 45,,,,,,,,,,,,,,,3,,,,,,,,,,,,,,,,,,,,,,,,,1,1,1,3,3,0,0,1,1,3,2,StringIndexOutOfBoundsException,49,0,1747,3,3,0,0,1,0
Lang 46,,,,,,,,,,,,,,,,,3,,,,,,,3,,,,3,,3,3,,,,,,,,,1,1,6,10,3,0,7,9,1,5,1,ComparisonFailure,180,57,2272,11,3,0,1,2,0
Lang 47,,3,3,,,3,,,,,,,,,,,,,,,,,,,,,,,,,,,3,,,,,,,1,1,2,6,6,0,0,2,2,2,3,NullPointerException,56,0,8674,3,3,0,0,2,0
Lang 48,,,,,,,,,,,,,,,,,3,,,,,,,,,,,,,,,,,,,,,,,1,1,1,4,4,0,0,2,1,3,1,AssertionFailedError,112,0,2578,5,3,0,1,2,0
Lang 49,,,,,,,,,,,,,,,,,,,,,,,,,,,,,,,,,,,,,,,,1,1,1,3,3,0,0,1,1,4,2,AssertionFailedError,56,0,3072,4,4,0,0,1,0
Lang 50,,1,2,,,,,,,,,,,,,,,,,,,,,,,,,,,,,,,,,,,,,1,1,2,12,2,6,4,6,2,8,5,AssertionFailedError,112,156,5645,3,7,0,4,0,2
Lang 51,,3,3,3,,,,,3,,,,3,,3,,3,,,,,,3,,,,,,,,,,,,3,3,3,,,1,1,1,1,1,0,0,1,1,1,1,StringIndexOutOfBoundsException,13,0,2260,3,3,0,0,1,0
Lang 52,,,,,,,,,,,,,,,,,3,,,,,,,,,,,,,,,,,,,,,,,1,1,1,4,4,0,0,1,1,2,1,ComparisonFailure,46,0,1775,6,3,0,1,2,0
Lang 53,,,,,,,,,,,,,,,,,,,,,,,,,,,,,,,,,,,,,,,,1,1,1,4,2,2,0,4,1,0,3,AssertionFailedError,2,2,3089,3,3,0,2,0,0
Lang 54,,,,,,,,,,,,,,,,,3,,,,,,,,,,,,,,,,,,,,,,,1,1,1,3,3,0,0,1,1,4,2,IllegalArgumentException,79,0,1001,0,0,0,0,1,0
Lang 55,,,,,,,,,,,,,,,3,3,,,,,,,,,,,,,,3,,,,,,3,,,,1,1,1,2,2,0,0,2,1,1,1,AssertionFailedError,41,0,639,2,0,0,1,1,0
Lang 56,,,,,,,,3,,,,,,,,,,,,,,,,,,,,,,,,,,,,,,,,1,1,1,6,4,0,2,3,1,4,2,SerializationException,139,0,5621,5,3,0,0,1,0
Lang 57,,3,3,3,,3,,3,3,,3,,,3,,,,,3,,,3,3,,,,,,,,,,3,3,3,,3,,,1,1,1,1,0,0,1,1,11,3,2,NullPointerException,39,37,1000,1,0,1,1,0,0
Lang 58,,2,2,,,,3,,,,,,,,,,,,,,,,,,,,,,,,,,,,,,,,,1,1,1,2,0,1,1,1,1,1,1,NumberFormatException,52,70,4719,5,4,1,4,1,1
Lang 59,,3,3,3,3,3,,3,3,,3,,3,3,,3,,3,,,,3,3,,,,3,,,,,,,,,3,3,,,1,1,1,1,0,0,1,1,1,2,3,ArrayIndexOutOfBoundsException,6,7,7703,3,3,1,0,0,0
Lang 60,,,,,,3,3,,,,,,,,,,,,,,,,,,,,,,,,,,,,,,,,,1,1,2,2,0,0,2,2,1,2,2,AssertionFailedError,15,30,7699,4,5,0,0,1,0
Lang 61,,,,,,,,,,,,,,,,,,,,,,,,,,,,,,,,,,,,,,,,1,1,1,1,0,0,1,1,2,2,4,AssertionFailedError,15,21,7697,7,4,0,1,0,0
Lang 62,,,,,,,,,,,,,,,,,,,,,,,,,,,,,,,,,,,,,,,,1,1,1,8,8,0,0,4,1,2,3,ComparisonFailure,113,0,0,0,0,0,0,0,0
Lang 63,,3,2,,,,,,,,,,,,,,,,,,,,,,,,,,,,,,,,,,,,,1,1,2,22,2,19,1,4,1,8,4,ComparisonFailure,99,780,2491,9,24,0,4,2,18
Lang 64,,,,,,,,,,,,,,,,,,,,,,,,,,,,,,,,,,,,,,,,1,1,2,21,21,0,0,5,1,9,4,AssertionFailedError,662,0,343,0,0,0,0,3,0
Lang 65,,,,,,,,,,,,,,,,,,,,,,,,,,,,,,,,,,,,,,,,1,1,1,30,30,0,0,8,1,5,4,AssertionFailedError,620,0,2902,5,3,0,1,12,0
Math 1,,1,,,,,,,,,,,,,,,,,,,,,,,,,,,,,,,,,,,,,,2,2,2,6,6,0,0,2,2,2,3,FractionConversionException,130,0,5774,6,6,0,0,2,0
Math 2,,,,3,,,,,,,,,3,,,,,,,,,,3,,,,,,,,,,,,,,,,,1,1,1,1,0,0,1,1,1,1,2,AssertionFailedError,59,68,1049,5,7,0,5,0,0
Math 3,,2,,,,,,,,3,,,,,,,,,,,,,,,,,,,,,,,,,,,,,,1,1,1,3,3,0,0,2,1,2,1,ArrayIndexOutOfBoundsException,35,0,6031,3,3,0,0,1,0
Math 4,,3,3,,,3,,3,,3,,,,,,,,,3,,,3,,,,,,,,,,,3,,,,,,,2,2,2,6,6,0,0,2,2,2,3,NullPointerException,62,0,1447,0,0,0,0,2,0
Math 5,,3,3,,,3,3,,3,3,3,,3,3,3,3,,,,,,,,,3,,,3,,,,,,,3,3,3,,,1,1,1,1,0,0,1,1,1,1,3,AssertionFailedError,4,4,3867,3,3,1,0,0,0
Math 6,,,,,,,,,,,,,,,,,,,,,,,,,,,,,,,,,,,,,,,,7,7,7,18,2,4,12,17,28,8,6,AssertionFailedError,356,175,15126,26,24,10,10,2,5
Math 7,,,,,,,,,,,,,,,,,,,,,,,,,,,,,,,,,,,,,,,,1,1,1,14,5,6,3,4,1,6,4,AssertionFailedError,196,261,1483,12,7,8,6,1,2
Math 8,,2,,,,,,,,,,,,,,,,,,,,,,,,,,,,,,,,,,,,,,1,1,1,2,0,0,2,2,1,3,1,ArrayStoreException,43,93,640,2,1,3,1,0,1
Math 9,,,,,,,,,,,,,,,,,,,,,,,,,,,,,,,,,,,,,,,,1,1,1,2,1,0,1,1,1,4,2,AssertionFailedError,60,37,780,9,5,1,5,0,1
Math 10,,,,,,,,,,,,,,,,,,,,,,,,,,,,,,,,,,,,,,,,1,1,1,1,1,0,0,1,1,2,2,AssertionFailedError,62,0,8493,3,3,0,0,1,0
Math 11,,3,3,,,,,,,,,,,,,,,,,,,,,,,,,,,,,,,,,,,,,1,1,1,1,0,0,1,1,1,2,2,AssertionFailedError,11,9,849,3,3,0,2,0,0
Math 12,,,,,,,,,,,,,,,,,,,,,,,,,,,,,,,,,,,,,,,,1,1,0,4,3,0,1,3,3,3,1,AssertionFailedError,111,15,664,0,0,0,0,3,0
Math 13,,,,,,,,,,,,,,,,,,,,,,,,,,,,,,,,,,,,,,,,1,1,1,9,9,0,0,2,1,7,2,OutOfMemoryError,227,0,1766,9,7,0,4,2,0
Math 14,,,,,,,,,,,,,,,,,,,,,,,,,,,,,,,,,,,,,,,,2,2,2,13,9,3,1,3,1,10,3,OutOfMemoryError,254,142,856,4,3,2,3,2,2
Math 15,,2,2,,,,,,,,,,,,,,,,,,,,,,,,,,,,,,,3,,,,,,1,1,1,2,1,0,1,2,1,3,2,AssertionFailedError,86,26,16997,3,3,2,0,1,0
Math 16,,,,,,,,,,,,,,,,,,,,,,,,,,,,,,,,,,,,,,,,1,1,2,21,19,0,2,11,2,5,2,AssertionFailedError,432,0,16855,13,5,0,8,9,0
Math 17,,,,,,,,,,,,,,,,,,,,,,,,,,,,,,,,,,,,,,,,1,1,1,4,4,0,0,2,1,3,1,AssertionFailedError,67,0,10011,5,3,0,1,2,0
Math 18,,,,,,,,,,,,,,,,,,,,,,,,,,,,,,,,,,,,,,,,1,1,3,6,2,0,4,5,1,5,3,AssertionFailedError,121,55,6981,10,12,0,3,4,1
Math 19,,,,,,,,,,,,,,,,,,,,,,,,,,,,,,,,,,,,,,,,1,1,1,13,13,0,0,1,1,7,2,Exception,361,0,6910,3,3,0,0,1,0
Math 20,,,,,,,,,,,,,,,,,,,,,,,,,,,,,,,,,,,,,,,,1,1,1,2,1,0,1,1,1,4,3,AssertionFailedError,55,0,6863,4,3,0,1,2,0
Math 21,,1,,,,,,,,,,,,,,,,,,,,,,,,,,,,,,,,,,,,,,1,1,1,14,4,1,9,6,2,6,4,AssertionFailedError,256,120,599,13,15,13,9,4,1
Math 22,,3,,3,,,,3,,,,,,,,,,,,,,,3,3,,,,,,,,,,,,,3,,,2,2,2,2,0,0,2,2,2,1,1,AssertionFailedError,11,11,1242,0,0,2,0,0,0
Math 23,,,,,,,,,,,,,,,,,,,,,,,,,,,,,,,,,,,,,,,,1,1,1,9,7,0,2,5,1,5,1,AssertionFailedError,121,33,1152,18,3,0,2,1,0
Math 24,,,,,,3,,,,,,,,,,,,,,,,,,,,,,,,,,,,,,,,,,1,1,1,2,0,0,2,2,1,2,2,AssertionFailedError,66,16,1126,13,3,0,2,0,0
Math 25,,,,,,3,,,,3,,,,,,,,,,,,,,,,,,,,,,,,,,,,,,1,1,1,3,3,0,0,2,1,3,1,AssertionFailedError,86,0,1087,3,3,0,0,1,0
Math 26,,,,,,,,,,,,,,,,,,,,,,,,,,,,,,,,,,,,,,,,1,1,1,2,0,0,2,2,1,2,2,AssertionFailedError,52,10,2190,12,3,0,3,3,0
Math 27,,,,3,,,,,,,,,,,,,,,,,,,3,,,,,,,,,,,,,,,,,1,1,1,1,0,0,1,1,1,2,3,AssertionFailedError,20,28,2179,7,7,0,1,1,1
Math 28,,2,,,,,,,,,,,,,,,,,,,,,,,,,,,,,,,,,,,,,,1,1,1,4,4,0,0,4,1,2,1,MaxCountExceededException,95,0,811,4,0,0,5,2,0
Math 29,,,,,,,,,,,,,,,,,,,,,,,,,,,,,,,,,,,,,,,,1,1,2,16,12,1,3,2,3,10,3,AssertionFailedError,367,130,3279,18,17,0,9,7,6
Math 30,,3,,3,3,3,,3,3,,3,,,,,,,3,,,3,,3,,,,,,,,,,,,3,,,,,1,1,1,1,0,0,1,1,1,1,1,AssertionFailedError,6,3,645,0,0,1,0,0,0
Math 31,,,,,,,,,,,,,,,,,,,,,,,,,,,,,,,,,,,,,,,,1,1,1,34,1,21,12,4,2,11,6,ConvergenceException,125,786,445,13,60,21,17,0,18
Math 32,,2,,,,,,,,,,,,,3,,,,,,,,,,,,,,,,,,,,,3,,,,1,1,1,1,0,0,1,1,1,2,3,ClassCastException,35,10,2081,5,3,0,1,1,0
Math 33,,3,,,,3,3,3,3,,3,,3,3,,3,,3,,,,3,,,,,,,,,,,,,3,3,,,,1,1,1,1,0,0,1,1,1,2,3,AssertionFailedError,8,8,2441,2,2,1,0,0,0
Math 34,,3,,3,,3,,3,,,,,3,3,,,,,,,,,3,,,,,,,,,,,3,3,,3,,,1,1,1,1,0,0,1,1,1,2,3,AssertionFailedError,28,23,619,1,0,1,1,0,0
Math 35,,3,,,,3,3,3,,3,,,,,,,,,,,,,,,,,,,,,,,,3,,,,,,1,1,2,2,0,0,2,2,4,3,3,AssertionFailedError,56,62,277,4,8,2,4,0,0
Math 36,,,,,,,,,,,,,,,,,,,,,,,,,,,,,,,,,,,,,,,,1,1,2,12,12,0,0,4,2,4,3,AssertionFailedError,425,0,3406,3,3,0,0,2,0
Math 37,,,,,,,,,,,,,,,,,,,,,,,,,,,,,,,,,,,,,,,,1,1,2,14,12,0,2,4,4,4,4,AssertionFailedError,287,14,3793,7,3,0,2,6,0
Math 38,,,,,,,,,,,,,,,,,,,,,,,,,,,,,,,,,,,,,,,,1,1,1,4,0,0,4,3,1,3,4,BOBYQAOptimizer$PathIsExploredException,20,8,13765,12,6,0,2,0,2
Math 39,,,,,,,,,,,,,,,,,,,,,,,,,,,,,,,,,,,,,,,,1,1,1,9,9,0,0,1,1,3,2,AssertionFailedError,139,0,1411,4,4,0,0,1,0
Math 40,,,,,,,,,,,,,,,,,,,,,,,,,,,,,,,,,,,,,,,,1,1,1,8,6,0,2,2,1,3,3,TooManyEvaluationsException,340,40,1414,15,7,2,4,10,0
Math 41,,,,3,,,3,,3,,,,,,,,,3,,,,,,,,,,,,,,,,,,,,,,1,1,1,1,0,0,1,1,1,4,3,AssertionFailedError,21,17,1521,4,5,0,0,1,0
Math 42,,,,,,,,,,,,,,,,,,,,,,,,,,,,,,,,,,,,,,,,1,1,1,3,2,0,1,2,1,1,3,AssertionFailedError,66,0,2422,3,2,0,1,2,0
Math 43,,1,,,,3,,,,,,,,,,,,,,,,,,,,,,,,,,,,,,,,,,1,1,1,3,0,0,3,3,6,1,1,AssertionFailedError,68,107,2209,9,18,3,6,0,0
Math 44,,,,,,,,,,,,,,,,,,,,,,,,,,,,,,,,,,,,,,,,1,1,1,7,6,1,0,3,1,5,2,AssertionFailedError,182,22,1361,4,4,0,0,2,1
Math 45,,,,,,,,,,,,,,,,,,,,,,,,,,,,,,,,,,,,,,,,1,1,1,5,5,0,0,1,1,5,1,AssertionFailedError,189,0,1157,3,3,0,0,3,0
Math 46,,,,,,3,,,,,,,,,,,,,,,,,,,,,,,,,,,,,,,,,,1,1,1,2,0,0,2,2,2,2,2,AssertionFailedError,8,38,3626,3,9,0,2,0,0
Math 47,,,,,,,,,,,,,,,,,,,,,,,,,,,,,,,,,,,,,,,,1,1,1,5,2,0,3,4,2,5,4,AssertionFailedError,130,67,3601,10,3,0,2,2,1
Math 49,,,,,,3,,,,,,,,,,,,,,,3,,,,,,,,,,,,,,,,,,,1,1,4,4,0,0,4,4,1,2,2,MathRuntimeException$6,76,92,3947,7,7,0,0,0,0
Math 48,,,,,,,,,,,,,,,,,,,,,,,,,,,,,,,,,,,,,,,,1,1,1,3,3,0,0,1,1,3,1,Exception,48,0,743,0,0,0,0,1,0
Math 50,,3,2,3,,,,,3,,,,3,3,3,3,,3,,,,,,3,3,,3,3,3,3,3,,,,,3,3,,,1,1,1,4,0,4,0,1,1,3,1,AssertionFailedError,0,113,741,0,0,0,0,0,1
Math 51,,,,,,,,,,,,,,,,,,,,,,,,,,,,,,,,,,,,,,,,1,1,1,9,9,0,0,3,1,7,1,TooManyEvaluationsException,193,0,734,3,0,0,0,2,0
Math 52,,2,2,,,,,,,,,,,,,,,,,,,,,,,,,,,,,,,,,,,,,1,1,1,4,1,0,3,3,1,4,2,AssertionFailedError,143,12,5382,3,5,3,0,3,0
Math 53,,,,,,,3,,,,3,,,,3,,,3,,,,,,,3,,,,,,,,,,,3,3,,,1,1,1,3,3,0,0,1,1,2,1,AssertionFailedError,37,0,2756,3,3,0,0,1,0
Math 54,,,,,,,,,,,,,,,,,,,,,,,,,,,,,,,,,,,,,,,,1,1,1,7,6,0,1,2,1,7,2,AssertionFailedError,150,21,9617,9,3,1,2,4,0
Math 55,,,,,,,,,,,,,,,,,,,,,,,,,,,,,,,,,,,,,,,,1,1,1,18,17,0,1,5,1,8,4,AssertionFailedError,788,63,2232,10,10,0,5,18,3
Math 56,,2,,3,,,,,,,,,,,,,,,,,,,3,,,,,,,,,,,,,,,,,1,1,1,7,0,6,1,1,1,4,3,AssertionFailedError,14,65,844,3,0,1,1,0,3
Math 57,,3,3,3,3,3,3,3,3,,3,,3,,,,,3,,,3,,3,,,,,,,,,,,3,,,,,,1,1,1,1,0,0,1,1,1,1,1,AssertionFailedError,6,3,1350,3,3,1,0,0,0
Math 58,,3,3,3,3,3,,,3,,3,,3,3,,,,,,,,,3,3,,,3,3,,,,,,,,,,,,1,1,1,1,0,0,1,1,1,4,2,NotStrictlyPositiveException,11,38,1249,3,3,0,0,0,1
Math 59,,3,,3,,3,3,,3,,3,,3,3,,3,,3,,,3,3,3,,,,,,,,,,,,,3,,,,1,1,1,1,0,0,1,1,1,2,2,AssertionFailedError,3,3,16760,3,3,1,0,0,0
Math 60,,,,,,,,,,,,,,,,,,,,,,,,,,,,,,,,,,,,,,,,1,1,1,12,2,9,1,2,1,8,4,ConvergenceException,77,199,639,0,2,0,2,1,1
Math 61,,,,,,,,,,3,,,,,,,,,,,,,,,,,,,,,,,,,,,,,,1,1,1,2,0,0,2,2,1,2,2,MathRuntimeException$4,118,140,552,2,4,3,3,0,0
Math 62,,2,2,,,,,,,,,,,,,,,,,,,,,,,,,,,,,,,,,,,,,1,1,1,4,0,1,3,2,1,13,3,AssertionFailedError,49,154,724,5,4,4,4,1,4
Math 63,,2,,,,,,,,,3,,,,,,3,,,,,,,,,,,,,,,,,,,,,,,1,1,1,1,0,0,1,1,1,3,2,AssertionFailedError,16,47,6582,6,11,1,2,0,2
Math 64,,,,,,,,,,,,,,,,,,,,,,,,,,,,,,,,,,,,,,,,1,1,1,27,19,5,3,13,2,15,9,AssertionFailedError,516,196,3778,11,5,2,3,16,0
Math 65,,3,3,3,,,,,,,3,,,,,,,,,,,,3,,,,,,,,,,,,,,,,,1,1,1,7,0,5,2,2,1,7,3,AssertionFailedError,25,166,1143,12,12,2,5,1,3
Math 66,,,,,,,,,,,,,,,,,,,,,,,,,,,,,,,,,,,,,,,,1,1,4,22,0,11,11,12,4,19,6,AssertionFailedError,249,981,874,11,24,13,10,0,15
Math 67,,,,,,,,,,,,,,,,,,,,,,,,,,,,,,,,,,,,,,,,1,1,2,2,0,0,2,2,1,2,1,AssertionFailedError,26,51,1195,11,11,0,2,2,2
Math 68,,,,,,,,,,,,,,,,,,,,,,,,,,,,,,,,,,,,,,,,1,1,1,12,10,0,2,9,2,9,3,AssertionFailedError,330,92,3677,16,5,0,3,5,0
Math 69,,,,,,,,,,,,,,,,,,,,,,,,,,,,,,,,,,,,,,,,1,1,1,1,0,0,1,1,2,2,3,AssertionFailedError,40,45,955,2,4,0,2,0,0
Math 70,,3,3,3,,3,3,3,3,,3,3,3,3,,3,3,3,3,,3,,,3,3,,3,3,,,,3,,,3,,3,,,1,1,1,1,0,0,1,1,1,3,2,NullPointerException,13,10,322,1,0,0,0,0,0
Math 71,,,,,,,3,,,,,,,,,,,,,,,,,,,,,,,,,,,,,,,,,2,2,2,7,7,0,0,2,2,2,1,AssertionFailedError,193,0,2367,4,4,0,0,7,0
Math 72,,,,,,3,,,,,,,,,,,,,,,,,,,,,,,,,,,,,,,,,,1,1,1,2,0,0,2,2,1,2,2,AssertionFailedError,28,30,1148,3,3,2,0,0,0
Math 73,,2,,,,,,,,,,,,,,,,,,,,,,,,,,,,,,,,,,,,,,1,1,1,4,4,0,0,1,1,3,1,AssertionFailedError,127,0,1128,3,3,0,0,1,0
Math 74,,,,,,,,,,,,,,,,,,,,,,,,,,,,,,,,,,,,,,,,1,1,1,7,3,0,4,3,1,5,3,AssertionFailedError,258,111,1450,26,8,3,10,7,0
Math 75,,3,3,3,3,3,3,3,3,,3,3,3,3,,,3,,,,,,,,,,3,,,,,,,3,3,,,,,1,1,1,1,0,0,1,1,1,2,2,AssertionFailedError,22,25,1787,3,3,1,0,0,0
Math 76,,,,,,,,,,,,,,,,,,,,,,,,,,,,,,,,,,,,,,,,1,1,1,14,6,0,8,12,2,7,5,AssertionFailedError,80,98,1761,9,21,10,18,2,2
Math 77,,3,3,,,,,,,,,,,,,,,,,,,,3,,,,,,,,,,,,,,,,,2,2,2,10,0,9,1,2,2,8,3,AssertionFailedError,1,153,8887,6,6,1,0,0,1
Math 78,,,,,,,,,,,,,,,,,,,,,,,,,,,,,,,,,,,,,,,,1,1,1,11,11,0,0,3,1,6,3,MathRuntimeException$4,309,0,1041,3,3,0,0,1,0
Math 79,,3,3,3,,,3,3,,,,,,,,,3,3,3,,,,,,,,,,,,,,,,,,,,,1,1,1,2,0,0,2,2,1,1,1,NullPointerException,12,6,5423,4,4,2,0,0,0
Math 80,,3,2,3,,,,,,,3,,3,,3,,,3,,,,,3,,,,,,,,,,,,,3,,,,1,1,1,1,0,0,1,1,1,1,2,AssertionFailedError,5,3,10507,5,4,0,5,0,0
Math 81,,,2,,,,,,,,,,,,,,,,,,,,,,,,,,,,,,,,,,,,,1,1,3,4,1,0,3,3,1,4,4,ArrayIndexOutOfBoundsException,52,7,10489,11,11,3,0,1,0
Math 82,,3,3,3,3,3,,3,3,3,,,3,3,3,3,,,,,,3,3,,,3,3,,,,,,,,,3,3,,,1,1,1,1,0,0,1,1,1,1,2,AssertionFailedError,1,2,687,0,0,1,0,0,0
Math 83,,,,,,,,,,,,,,,,,,,,,,,,,,,,,,,,,,,,,,,,1,1,2,3,0,0,3,3,1,3,2,AssertionFailedError,162,114,2071,5,2,2,1,0,0
Math 84,,,,,,,,,,,,,,,,,,,,,,,,,,,,,,,,,,,,,,,,1,1,1,9,9,0,0,3,2,6,2,AssertionFailedError,250,0,428,0,0,0,0,5,0
Math 85,,3,3,,3,3,,3,3,3,3,3,3,3,3,3,,,,,,3,,,,3,3,,,,,,,,,3,,,,1,1,1,1,0,0,1,1,1,1,2,MathException,1,2,641,0,0,1,0,0,0
Math 86,,,,,,,,,,,,,,,,,,,,,,,,,,,,,,,,,,,,,,,,1,1,1,6,3,3,0,2,2,6,1,AssertionFailedError,91,97,1442,4,4,0,1,1,1
Math 87,,,,,,,,,,,,,,,,,,,,,,,,,,,,,,,,,,,,,,,,1,1,1,4,0,2,2,3,1,2,2,AssertionFailedError,105,54,1989,6,4,0,4,1,0
Math 88,,2,2,,,,,,,,,,,,,,,,,,,,,,,,,,,,,,,,,,,,,1,1,1,11,5,6,0,4,1,8,4,AssertionFailedError,135,169,1962,4,7,0,2,3,5
Math 89,,3,3,,,,,,,3,,,,,,,3,,,,,3,,,,,3,,,,,,,,,,,,,1,1,1,4,4,0,0,2,1,3,1,ClassCastException,112,0,1377,5,3,0,1,2,0
Math 90,,,,,,,,,,3,,,,,,,,,,,,,3,,,,,,,,,,,,,,,,,1,1,2,3,3,0,0,2,1,2,1,IllegalArgumentException,66,0,1345,7,3,0,3,3,0
Math 91,,,,,,,,,,,,,,,,,3,,,,,,,,,,,,,,,,,,,,,,,1,1,1,2,0,0,2,1,1,3,3,AssertionFailedError,88,47,1739,15,5,4,2,0,1
Math 92,,,,,,,,,,,,,,,,,,,,,,,,,,,,,,,,,,,,,,,,1,1,2,54,48,5,1,12,1,15,8,AssertionFailedError,1025,220,3364,23,25,3,15,14,1
Math 93,,,,,,,,,,,,,,,,,,,,,,,,,,,,,,,,,,,,,,,,1,1,2,10,8,0,2,3,1,7,5,AssertionFailedError,161,71,3367,12,8,5,2,3,0
Math 94,,2,,3,,,,,,,,,,,,,3,,,,,,3,,,,,,,,,,,,,,,,,1,1,1,1,0,0,1,1,1,1,2,AssertionFailedError,15,6,3326,10,5,1,5,0,0
Math 95,,,2,,,,,,,,,,,,,,,,,,,,,,,,,,,,,,,,,,,,,1,1,1,3,2,0,1,3,1,2,2,IllegalArgumentException,25,4,421,3,0,0,1,1,0
Math 96,,2,2,,,,,,,,,,,,,,,,,,,,,,,,,,,,,,,,,,,,,1,1,1,1,0,0,1,1,1,2,3,AssertionFailedError,39,161,2379,5,9,0,2,0,4
Math 97,,,,,,,,,,,,,,,,,,,,,,,,,,,,,,,,,,,,,,,,1,1,1,16,14,0,2,5,1,4,3,IllegalArgumentException,234,3,947,18,0,2,6,6,0
Math 98,,3,,3,,3,3,,3,,,,,,,,,,,,3,,3,3,,,,,,,,,,,,,,,,2,2,2,2,0,0,2,2,2,1,3,ArrayIndexOutOfBoundsException,32,38,11167,8,8,0,0,0,0
Math 99,,1,,,,,,,,3,,,,,,,,,,,,,,,,,,,,,,,,,,,,,,1,1,2,8,8,0,0,2,2,3,1,AssertionFailedError,256,0,3867,4,4,0,0,2,0
Math 100,,,,,,,,,,,,,,,,,,,,,,,,,,,,,,,,,,,,,,,,1,1,2,3,0,0,3,3,1,2,2,ArrayIndexOutOfBoundsException,122,110,1035,4,4,3,0,0,0
Math 101,,,,,,,,,,,,,,,,,,,,,,,,,,,,,,,,,,,,,,,,1,1,1,2,1,0,1,1,2,2,2,StringIndexOutOfBoundsException,66,1,1697,5,3,0,1,2,0
Math 102,,,,,,,,,,,,,,,,,,,,,,,,,,,,,,,,,,,,,,,,1,1,1,17,17,0,0,3,6,6,3,AssertionFailedError,407,0,1446,6,3,0,1,7,0
Math 103,,,,,,,,,,,,,,,,,,,,,,,,,,,,,,,,,,,,,,,,1,1,1,10,10,0,0,2,1,3,4,MaxIterationsExceededException,207,0,447,2,0,0,1,1,0
Math 104,,,,,,,,,,,,,,,,,,,,,,,,,,,,,,,,,,,,,,,,1,1,0,1,0,0,1,1,1,1,3,AssertionFailedError,7,6,825,0,0,1,0,0,0
Math 105,,,,,,,,,,,,,,,,,,,,,,,,,,,,,,,,,,,,,,,,1,1,1,1,0,0,1,1,1,2,2,AssertionFailedError,19,6,1066,7,3,0,1,1,0
Math 106,,,,,,,,,,,,,,,,,,,,,,,,,,,,,,,,,,,,,,,,1,1,1,8,8,0,0,4,1,3,2,AssertionFailedError,130,0,590,0,0,0,0,2,0
Mock 1,,,,,,,,,,,,,,,,,,,,,,,,,,,,,,,,,,,,,,,,1,1,1,12,11,0,1,1,26,6,2,UnsupportedOperationException,464,42,724,3,2,1,1,6,0
Mock 2,,,,,,,,,,,,,,,,,,,,,,,,,,,,,,,,,,,,,,,,1,1,2,7,7,0,0,3,3,4,2,AssertionFailedError,218,0,77,0,0,0,0,3,0
Mock 3,,,,,,,,,,,,,,,,,,,,,,,,,,,,,,,,,,,,,,,,1,1,2,18,15,1,2,3,9,9,2,AssertionFailedError,567,176,718,17,4,2,10,12,0
Mock 4,,,,,,,,,,,,,,,,,,,,,,,,,,,,,,,,,,,,,,,,1,1,3,5,3,0,2,3,4,3,4,Exception,138,38,2492,9,3,0,2,1,0
Mock 5,,,,3,,,,,,,,,,3,,,,,,,,,3,,,,,,,,,,,,,,,,,1,1,1,1,0,0,1,1,1,1,1,AssertionFailedError,15,64,374,1,1,0,0,0,0
Mock 6,,,,,,,,,,,,,,,,,,,,,,,,,,,,,,,,,,,,,,,,1,1,20,20,0,0,20,20,7,3,3,ComparisonFailure,928,725,1923,52,58,4,16,15,13
Mock 7,,,,,,,,,,,,,,,,,,,,,,,,,,,,,,,,,,,,,,,,1,1,1,1,1,0,0,1,1,2,2,MockitoException,62,0,2119,4,4,0,0,1,0
Mock 8,,,,,,,,,,,,,,,,,,,,,,,3,,,,,,,,,,,,,,,,,1,1,1,1,0,0,1,1,1,1,2,StackOverflowError,40,0,2114,5,4,0,1,1,0
Mock 9,,,,,,,,,,,,,,,,,,,,,,,,,,,,,,,,,,,,,,,,1,1,1,5,5,0,0,3,3,4,1,MockitoException,234,0,67,0,0,0,0,3,0
Mock 10,,,,,,,,,,,,,,,,,,,,,,,,,,,,,,,,,,,,,,,,1,1,4,10,5,0,5,7,1,7,2,MockitoException,632,166,550,11,0,1,2,9,0
Mock 11,,,,,,,,,,,,,,,,,,,,,,,,,,,,,,,,,,,,,,,,1,1,2,9,8,0,1,3,2,7,2,AssertionFailedError,171,2,162,2,1,0,1,4,0
Mock 12,,,,,,,,,,,,,,,,,,,,,,,,,,,,,,,,,,,,,,,,1,1,1,4,4,0,0,3,10,3,1,ClassCastException,137,0,77,2,0,0,1,2,0
Mock 13,,,,,,,,,,,,,,,,,3,,,,,,,,,,,,,,,,,,,,,,,1,1,1,3,2,0,1,3,1,3,2,AssertionFailedError,91,86,418,0,2,0,1,1,1
Mock 14,,,,,,,,,,,,,,,,,,,,,,,,,,,,,,,,,,,,,,,,2,2,2,5,4,0,1,5,1,4,2,AssertionFailedError,358,42,1094,4,0,0,2,4,0
Mock 15,,,,,,,,,,,,,,,,,,,,,,,,,,,,,,,,,,,,,,,,1,1,1,3,3,0,0,3,1,3,1,AssertionFailedError,134,0,131,2,0,0,1,2,0
Mock 16,,,,,,,,,,,,,,,,,,,,,,,,,,,,,,,,,,,,,,,,2,2,3,6,2,1,3,5,1,5,1,MissingMethodInvocationException,96,159,2961,8,6,0,2,0,5
Mock 17,,,,,,,,,,,,,,,,,,,,,,,,,,,,,,,,,,,,,,,,2,2,3,9,7,0,2,6,1,6,2,NotSerializableException,273,154,735,7,8,2,4,5,2
Mock 18,,,,,,,,,,,,,,,,,,,,,,,,,,,,,,,,,,,,,,,,1,1,1,2,2,0,0,1,1,3,1,NullPointerException,68,0,471,1,0,0,1,2,0
Mock 19,,,,,,,,,,,,,,,,,,,,,,,,,,,,,,,,,,,,,,,,5,5,5,26,18,0,8,11,1,11,2,AssertionFailedError,504,13,948,4,0,1,0,7,0
Mock 20,,,,,,,,,,,,,,,,,,,,,,,,,,,,,,,,,,,,,,,,1,1,1,3,1,0,2,3,8,7,1,ComparisonFailure,163,92,505,0,0,3,0,1,0
Mock 21,,,,,,,,,,,,,,,,,,,,,,,,,,,,,,,,,,,,,,,,1,1,3,20,16,0,4,5,1,14,3,InstantationException,530,156,188,13,4,8,8,5,0
Mock 22,,,,,,,,,,,,,,,,,,,,,,,,,,,,,,,,,,,,,,,,1,1,1,3,2,0,1,1,1,2,1,RuntimeException,34,0,199,1,0,0,1,2,0
Mock 23,,,,,,,,,,,,,,,,,,,,,,,,,,,,,,,,,,,,,,,,1,2,5,18,15,0,3,8,1,11,2,NotSerializableException,451,84,438,33,0,0,4,6,0
Mock 24,,,,,,,,,,,,,,,,,,,,,,,,,,,,,,,,,,,,,,,,1,1,1,1,0,0,1,1,2,3,2,AssertionFailedError,58,0,457,2,0,0,1,1,0
Mock 25,,,,,,,,,,,,,,,,,,,,,,,,,,,,,,,,,,,,,,,,1,1,6,31,25,2,4,10,6,13,2,ClassCastException,1150,218,324,35,6,8,9,20,1
Mock 26,,3,3,,,,,,,,,,,,,,,,,,,,,,,,,,,,,,,,,,,,,1,1,1,1,0,0,1,1,4,1,3,ClassCastException,4,3,478,0,0,1,0,0,0
Mock 27,,,,,,,,,,,,,,,,,,,,,,,,,,,,,,,,,,,,,,,,1,1,1,2,0,1,1,1,1,5,2,AssertionFailedError,61,218,509,2,5,3,3,0,4
Mock 28,,,,,,,,,,,,,,,,,,,,,,,,,,,,,,,,,,,,,,,,1,1,1,2,1,0,1,1,1,3,3,AssertionFailedError,40,0,357,3,1,0,1,2,0
Mock 29,,3,3,3,,,,3,,,,,,3,,,,,,,,3,3,,,,,,,,,,,,,,,,,1,1,1,1,0,0,1,1,1,1,3,Exception,68,42,144,2,0,0,1,1,0
Mock 30,,,,,,,,,,,,,,,,,,,,,,,,,,,,,,,,,,,,,,,,2,2,2,3,1,0,2,3,1,4,2,AssertionFailedError,102,81,1782,19,17,0,3,1,0
Mock 31,,,,,,,,,,,,,,,,,,,,,,,,,,,,,,,,,,,,,,,,1,1,1,3,2,0,1,2,1,4,2,ComparisonFailure,130,5,263,1,0,1,0,3,0
Mock 32,,,,,,,,,,,,,,,,,,,,,,,,,,,,,,,,,,,,,,,,1,1,1,5,4,0,1,2,1,2,2,AssertionFailedError,186,23,271,9,0,1,2,5,0
Mock 33,,,,,,,,,,,,,,,,,,,,,,,,,,,,,,,,,,,,,,,,1,1,1,12,11,0,1,2,2,7,4,AssertionFailedError,290,14,533,11,1,1,3,3,0
Mock 34,,,,,,,,,,,,,,,,,,,,,,,,,,,,,,,,,,,,,,,,1,1,1,1,0,0,1,1,2,2,2,ArrayIndexOutOfBoundsException,49,18,459,2,0,0,1,1,0
Mock 35,,,,,,,,,,,,,,,,,,,,,,,,,,,,,,,,,,,,,,,,1,1,3,3,0,0,3,3,4,3,2,NullPointerException,151,95,1722,5,3,3,2,5,0
Mock 36,,,,,,,,,,,,,,,,,,,,,,,,,,,,,,,,,,,,,,,,1,1,1,4,4,0,0,2,2,3,1,NullPointerException,146,0,959,0,0,0,0,2,0
Mock 37,,,,,,,,,,,,,,,,,,,,,,,,,,,,,,,,,,,,,,,,1,1,2,8,8,0,0,2,2,3,1,AssertionFailedError,309,0,261,0,0,0,0,2,0
Mock 38,,3,3,3,,,,3,3,,,,,3,,,,,,,,3,3,,,,,,,,,,,,,,,,,1,1,1,1,0,0,1,1,2,1,3,NullPointerException,75,53,205,2,0,0,1,1,0
Time 1,,,,,,,,,,,,,,,,,,,,,,,,,,,,,,,,,,,,,,,,2,2,2,13,9,3,1,3,1,7,4,AssertionFailedError,413,46,3859,6,4,0,1,2,1
Time 2,,2,,,,,,,,,,,,,,,,,,,,,,,,,,,,,,,,,,,,,,2,2,2,7,6,0,1,3,1,5,4,IllegalArgumentException,100,60,3849,4,6,0,1,2,1
Time 3,,1,,,,,,,,,,,,,,,,,,,,,,,,,,,,,,,,,,,,,,1,1,10,20,20,0,0,20,5,1,2,ComparisonFailure,190,0,3998,23,3,0,10,10,0
Time 4,,,2,,,3,,,,,,,,3,,,,,,,,,,,,,,,,,,,,,,,,,,1,1,1,1,0,0,1,1,1,4,3,AssertionFailedError,42,42,3253,5,5,0,0,0,0
Time 5,,,,,,,,,,,,,,,,,,,,,,,,,,,,,,,,,,,,,,,,1,1,1,12,6,0,6,2,3,12,4,UnsupportedOperationException,600,139,4890,46,15,10,9,6,1
Time 6,,,,,,,,,,,,,,,,,,,,,,,,,,,,,,,,,,,,,,,,1,2,3,26,26,0,0,3,5,7,4,AssertionFailedError,812,0,4048,4,4,0,0,4,0
Time 7,,3,3,,,,3,3,3,,,,,,,,,,,,,3,,,,,3,,,,,,,,,,,,,1,1,1,2,1,1,0,2,2,4,3,IllegalFieldValueException,80,50,2829,3,3,0,0,1,1
Time 8,,,,,,,,,,,,,,,,,,,,,,,,,,,,,,,,,,,,,,,,1,1,1,5,3,0,2,3,1,6,5,IllegalArgumentException,173,15,3774,10,4,0,2,4,0
Time 9,,,,,,,,,,,,,,,,,,,,,,,,,,,,,,,,,,,,,,,,1,1,2,9,6,0,3,5,1,5,2,AssertionFailedError,335,142,3691,10,15,0,6,3,3
Time 10,,,,,,,,,,,,,,,,,,,,,,,,,,,,,,,,,,,,,,,,1,1,1,2,1,0,1,2,2,3,2,IllegalFieldValueException,91,9,969,2,2,0,0,1,0
Time 11,,,,,,,,,,,,,,3,,,,,,,,,,,,,,,,,,,,,,,,,,1,1,1,5,1,0,4,1,1,5,2,AssertionFailedError,79,57,3861,3,3,0,0,1,1
Time 12,,,,,,,,,,,,,,,,,,,,,,,,,,,,,,,,,,,,,,,,2,2,2,14,12,0,2,8,8,8,4,AssertionFailedError,436,20,11504,12,8,0,2,8,0
Time 13,,,,,,,,,,,,,,,,,,,,,,,,,,,,,,,,,,,,,,,,1,1,1,5,4,0,1,3,1,6,3,ComparisonFailure,162,3,7164,8,6,0,1,4,0
Time 14,,,,,,,,,,,,,,,,,,,,,,,,,,,,,,,,,,,,,,,,1,1,1,5,5,0,0,2,8,5,2,IllegalFieldValueException,256,0,1259,2,2,0,0,1,0
Time 15,,,,,,3,,,,3,,,,,,,,,,,,,,,,,,,,,,,,,,,,,,1,1,1,3,3,0,0,1,1,3,1,AssertionFailedError,119,0,1039,3,3,0,0,1,0
Time 16,,,,,,,,,,,,,,,,,,,,,,,,,,,,,,,,,,,,,,,,1,1,1,1,0,0,1,1,7,3,3,AssertionFailedError,33,14,2814,7,3,1,1,2,0
Time 17,,2,2,,,,,,,,,,,,,,,,,,,,,,,,,,,,,,,,,,,,,1,1,1,18,13,0,5,5,1,11,6,AssertionFailedError,607,262,3625,10,16,0,8,10,3
Time 18,,2,,,,,,,,,,,,,,,,,,,,,,,,,,,,,,,,,,,,,,1,1,1,12,12,0,0,2,1,5,3,IllegalFieldValueException,270,0,3950,6,4,0,1,1,0
Time 19,,3,3,3,,,,3,3,,,,3,3,,,,,,,,3,3,,,,3,,,,,,,,3,3,3,,,1,1,1,1,0,0,1,1,1,1,2,ComparisonFailure,2,1,3659,4,4,1,0,0,0
Time 20,,,,,,,,,,,,,,,,,,,,,,,,,,,,,,,,,,,,,,,,1,1,1,8,6,0,2,3,1,7,4,IllegalArgumentException,173,69,10776,13,6,2,7,6,0
Time 21,deprecated,,,,,,,,,,,,,,,,,,,,,,,,,,,,,,,,,,,,,,,1,1,1,18,12,2,4,5,2,8,5,ComparisonFailure,407,122,,,,,,,
Time 22,,,,,,,,,,,,,,,,,,,,,,,,,,,,,,,,,,,,,,,,1,1,1,6,5,0,1,2,2,4,3,AssertionFailedError,194,27,2282,7,7,0,2,1,1
Time 23,,,,,,,,,,,,,,,,,,,,,,,,,,,,,,,,,,,,,,,,1,1,1,13,5,4,4,8,1,3,2,ComparisonFailure,212,208,3615,22,22,2,6,7,6
Time 24,,,,,,,,,,,,,,,,,,,,,,,,,,,,,,,,,,,,,,,,1,1,1,5,5,0,0,1,7,4,1,AssertionFailedError,107,0,1617,3,3,0,0,1,0
Time 25,,,,,,,,,,,,,,,,,,,,,,,,,,,,,,,,,,,,,,,,1,1,1,9,9,0,0,1,3,6,3,ComparisonFailure,232,0,3532,4,4,0,0,1,0
Time 26,,3,3,,,3,,3,,,,,,,,,,,,,,,,,,,3,,,,,,,,,,,,,1,1,7,7,0,0,7,7,8,3,2,ComparisonFailure,112,49,6391,20,12,0,0,1,0
Time 27,,,,,,,,,,,,,,,,,,,,,,,,,,,,,,,,,,,,,,,,1,1,1,2,2,0,0,2,1,1,2,IllegalArgumentException,61,0,7148,5,3,0,3,1,0
,,,,,,,,,,,,,,,,,,,,,,,,,,,,,,,,,,,,,,,,,,,,,,,,,,,,,,,,,,,,
,,,,,,,,,,,,,,,,,,,,,,,,,,,,,,,,,,,,,,,,,,,,,,,,,,,,,,,,,,,,